crop_stem,crop_split,crop_prefix,parent_stem,parent_split,parent_prefix,inliers,crop_containment_in_parent,area_ratio,evidence_type
COCO_RECORTE_1,train,COCO_RECORTE,,,,0,0.0,0.0,no_parent_found
COCO_RECORTE_100,train,COCO_RECORTE,COCO_Muy_A_70,test,COCO_Muy_A,89,1.0,3.375,sift_containment
COCO_RECORTE_103,train,COCO_RECORTE,COCO_Muy_A_74,train,COCO_Muy_A,37,1.0,2.8125,sift_containment
COCO_RECORTE_104,train,COCO_RECORTE,COCO_Muy_A_75,train,COCO_Muy_A,158,1.0,2.625,sift_containment
COCO_RECORTE_106,train,COCO_RECORTE,COCO_Muy_A_75,train,COCO_Muy_A,90,1.0,1.640625,sift_containment
COCO_RECORTE_107,train,COCO_RECORTE,,,,0,0.0,0.0,no_parent_found
COCO_RECORTE_108,train,COCO_RECORTE,,,,0,0.0,0.0,no_parent_found
COCO_RECORTE_109,train,COCO_RECORTE,COCO_Muy_A_83,train,COCO_Muy_A,75,1.0,3.0,sift_containment
COCO_RECORTE_110,train,COCO_RECORTE,ROYA_FONDO_50,train,ROYA_FONDO,38,1.0,2.625,sift_containment
COCO_RECORTE_111,train,COCO_RECORTE,,,,0,0.0,0.0,no_parent_found
COCO_RECORTE_113,train,COCO_RECORTE,ROYA_FONDO_28,train,ROYA_FONDO,31,1.0,2.6785714285714284,sift_containment
COCO_RECORTE_114,train,COCO_RECORTE,COCO_Muy_A_92,train,COCO_Muy_A,152,1.0,1.875,sift_containment
COCO_RECORTE_115,train,COCO_RECORTE,COCO_Muy_A_92,train,COCO_Muy_A,42,1.0,2.142857142857143,sift_containment
COCO_RECORTE_116,train,COCO_RECORTE,COCO_Muy_A_94,val,COCO_Muy_A,93,1.0,1.640625,sift_containment
COCO_RECORTE_117,train,COCO_RECORTE,COCO_Muy_A_94,val,COCO_Muy_A,140,1.0,1.875,sift_containment
COCO_RECORTE_119,train,COCO_RECORTE,COCO_Muy_A_99,train,COCO_Muy_A,280,1.0,3.0,sift_containment
COCO_RECORTE_123,train,COCO_RECORTE,COCO_Muy_A_102,train,COCO_Muy_A,98,1.0,2.6785714285714284,sift_containment
COCO_RECORTE_125,train,COCO_RECORTE,COCO_Muy_A_110,train,COCO_Muy_A,186,1.0,3.375,sift_containment
COCO_RECORTE_126,train,COCO_RECORTE,,,,0,0.0,0.0,no_parent_found
COCO_RECORTE_128,train,COCO_RECORTE,,,,0,0.0,0.0,no_parent_found
COCO_RECORTE_129,train,COCO_RECORTE,,,,0,0.0,0.0,no_parent_found
COCO_RECORTE_130,train,COCO_RECORTE,,,,0,0.0,0.0,no_parent_found
COCO_RECORTE_132,train,COCO_RECORTE,MINEIRO_184,train,MINEIRO,31,1.0,2.142857142857143,sift_containment
COCO_RECORTE_135,train,COCO_RECORTE,,,,0,0.0,0.0,no_parent_found
COCO_RECORTE_136,train,COCO_RECORTE,COCO_Muy_A_11,train,COCO_Muy_A,626,1.0,3.125,sift_containment
COCO_RECORTE_139,train,COCO_RECORTE,,,,0,0.0,0.0,no_parent_found
COCO_RECORTE_14,train,COCO_RECORTE,COCO_Muy_A_43,train,COCO_Muy_A,88,1.0,2.109375,sift_containment
COCO_RECORTE_141,train,COCO_RECORTE,,,,0,0.0,0.0,no_parent_found
COCO_RECORTE_142,train,COCO_RECORTE,,,,0,0.0,0.0,no_parent_found
COCO_RECORTE_143,train,COCO_RECORTE,COCO_Muy_A_31,train,COCO_Muy_A,129,1.0,3.0,sift_containment
COCO_RECORTE_146,train,COCO_RECORTE,,,,0,0.0,0.0,no_parent_found
COCO_RECORTE_147,train,COCO_RECORTE,COCO_M_A_24,train,COCO_M_A,486,1.0,3.75,sift_containment
COCO_RECORTE_148,train,COCO_RECORTE,COCO_M_A_23,train,COCO_M_A,105,1.0,2.625,sift_containment
COCO_RECORTE_15,train,COCO_RECORTE,COCO_Muy_A_44,train,COCO_Muy_A,42,1.0,4.21875,sift_containment
COCO_RECORTE_150,train,COCO_RECORTE,COCO_Muy_A_35,train,COCO_Muy_A,72,1.0,2.578125,sift_containment
COCO_RECORTE_151,train,COCO_RECORTE,MINADOR_39,train,MINADOR,66,1.0,2.142857142857143,sift_containment
COCO_RECORTE_152,train,COCO_RECORTE,,,,0,0.0,0.0,no_parent_found
COCO_RECORTE_156,train,COCO_RECORTE,COCO_Muy_A_35,train,COCO_Muy_A,114,1.0,3.4375,sift_containment
COCO_RECORTE_16,train,COCO_RECORTE,COCO_Muy_A_44,train,COCO_Muy_A,56,1.0,5.625,sift_containment
COCO_RECORTE_17,train,COCO_RECORTE,,,,0,0.0,0.0,no_parent_found
COCO_RECORTE_18,train,COCO_RECORTE,,,,0,0.0,0.0,no_parent_found
COCO_RECORTE_2,train,COCO_RECORTE,,,,0,0.0,0.0,no_parent_found
COCO_RECORTE_22,train,COCO_RECORTE,,,,0,0.0,0.0,no_parent_found
COCO_RECORTE_23,train,COCO_RECORTE,,,,0,0.0,0.0,no_parent_found
COCO_RECORTE_24,train,COCO_RECORTE,COCO_M_A_45,train,COCO_M_A,36,1.0,3.375,sift_containment
COCO_RECORTE_25,train,COCO_RECORTE,COCO_M_A_47,train,COCO_M_A,168,1.0,3.75,sift_containment
COCO_RECORTE_26,train,COCO_RECORTE,COCO_M_A_47,train,COCO_M_A,38,1.0,3.75,sift_containment
COCO_RECORTE_28,train,COCO_RECORTE,,,,0,0.0,0.0,no_parent_found
COCO_RECORTE_29,train,COCO_RECORTE,,,,0,0.0,0.0,no_parent_found
COCO_RECORTE_3,train,COCO_RECORTE,,,,0,0.0,0.0,no_parent_found
COCO_RECORTE_30,train,COCO_RECORTE,,,,0,0.0,0.0,no_parent_found
COCO_RECORTE_31,train,COCO_RECORTE,,,,0,0.0,0.0,no_parent_found
COCO_RECORTE_33,train,COCO_RECORTE,COCO_M_A_54,train,COCO_M_A,70,1.0,2.4107142857142856,sift_containment
COCO_RECORTE_34,train,COCO_RECORTE,COCO_M_A_54,train,COCO_M_A,35,1.0,2.8125,sift_containment
COCO_RECORTE_35,train,COCO_RECORTE,,,,0,0.0,0.0,no_parent_found
COCO_RECORTE_36,train,COCO_RECORTE,COCO_M_A_57,test,COCO_M_A,178,1.0,4.6875,sift_containment
COCO_RECORTE_4,train,COCO_RECORTE,,,,0,0.0,0.0,no_parent_found
COCO_RECORTE_40,train,COCO_RECORTE,,,,0,0.0,0.0,no_parent_found
COCO_RECORTE_41,train,COCO_RECORTE,,,,0,0.0,0.0,no_parent_found
COCO_RECORTE_43,train,COCO_RECORTE,,,,0,0.0,0.0,no_parent_found
COCO_RECORTE_44,train,COCO_RECORTE,,,,0,0.0,0.0,no_parent_found
COCO_RECORTE_46,train,COCO_RECORTE,,,,0,0.0,0.0,no_parent_found
COCO_RECORTE_47,train,COCO_RECORTE,COCO_M_A_78,train,COCO_M_A,62,1.0,2.142857142857143,sift_containment
COCO_RECORTE_48,train,COCO_RECORTE,COCO_M_A_80,train,COCO_M_A,163,1.0,2.4107142857142856,sift_containment
COCO_RECORTE_49,train,COCO_RECORTE,COCO_M_A_80,train,COCO_M_A,71,1.0,4.21875,sift_containment
COCO_RECORTE_5,train,COCO_RECORTE,,,,0,0.0,0.0,no_parent_found
COCO_RECORTE_50,train,COCO_RECORTE,COCO_M_A_84,val,COCO_M_A,105,1.0,2.625,sift_containment
COCO_RECORTE_51,train,COCO_RECORTE,COCO_M_A_84,val,COCO_M_A,66,1.0,1.875,sift_containment
COCO_RECORTE_52,train,COCO_RECORTE,COCO_M_A_90,test,COCO_M_A,68,1.0,2.1875,sift_containment
COCO_RECORTE_53,train,COCO_RECORTE,COCO_M_A_91,val,COCO_M_A,54,1.0,2.5,sift_containment
COCO_RECORTE_54,train,COCO_RECORTE,MINEIRO_122,train,MINEIRO,32,1.0,1.875,sift_containment
COCO_RECORTE_55,train,COCO_RECORTE,MINEIRO_122,train,MINEIRO,35,1.0,2.142857142857143,sift_containment
COCO_RECORTE_57,train,COCO_RECORTE,,,,0,0.0,0.0,no_parent_found
COCO_RECORTE_59,train,COCO_RECORTE,COCO_Muy_A_53,train,COCO_Muy_A,39,1.0,3.0,sift_containment
COCO_RECORTE_6,train,COCO_RECORTE,,,,0,0.0,0.0,no_parent_found
COCO_RECORTE_60,train,COCO_RECORTE,COCO_Muy_A_53,train,COCO_Muy_A,95,1.0,2.5,sift_containment
COCO_RECORTE_61,train,COCO_RECORTE,,,,0,0.0,0.0,no_parent_found
COCO_RECORTE_62,train,COCO_RECORTE,COCO_Muy_A_54,test,COCO_Muy_A,63,1.0,3.0,sift_containment
COCO_RECORTE_64,train,COCO_RECORTE,COCO_Muy_A_54,test,COCO_Muy_A,81,1.0,2.5,sift_containment
COCO_RECORTE_65,train,COCO_RECORTE,COCO_Muy_A_55,test,COCO_Muy_A,109,1.0,2.142857142857143,sift_containment
COCO_RECORTE_67,train,COCO_RECORTE,COCO_Muy_A_56,train,COCO_Muy_A,77,1.0,2.625,sift_containment
COCO_RECORTE_68,train,COCO_RECORTE,COCO_Muy_A_56,train,COCO_Muy_A,111,1.0,2.625,sift_containment
COCO_RECORTE_69,train,COCO_RECORTE,COCO_Muy_A_56,train,COCO_Muy_A,145,1.0,1.640625,sift_containment
COCO_RECORTE_7,train,COCO_RECORTE,,,,0,0.0,0.0,no_parent_found
COCO_RECORTE_70,train,COCO_RECORTE,COCO_Muy_A_56,train,COCO_Muy_A,152,1.0,1.640625,sift_containment
COCO_RECORTE_71,train,COCO_RECORTE,COCO_Muy_A_56,train,COCO_Muy_A,66,1.0,2.1875,sift_containment
COCO_RECORTE_72,train,COCO_RECORTE,,,,0,0.0,0.0,no_parent_found
COCO_RECORTE_73,train,COCO_RECORTE,,,,0,0.0,0.0,no_parent_found
COCO_RECORTE_74,train,COCO_RECORTE,COCO_Muy_A_58,val,COCO_Muy_A,129,1.0,1.875,sift_containment
COCO_RECORTE_75,train,COCO_RECORTE,COCO_Muy_A_58,val,COCO_Muy_A,100,1.0,2.1875,sift_containment
COCO_RECORTE_76,train,COCO_RECORTE,,,,0,0.0,0.0,no_parent_found
COCO_RECORTE_77,train,COCO_RECORTE,COCO_Muy_A_59,val,COCO_Muy_A,125,1.0,2.6785714285714284,sift_containment
COCO_RECORTE_78,train,COCO_RECORTE,COCO_Muy_A_59,val,COCO_Muy_A,100,1.0,3.125,sift_containment
COCO_RECORTE_80,train,COCO_RECORTE,,,,0,0.0,0.0,no_parent_found
COCO_RECORTE_81,train,COCO_RECORTE,,,,0,0.0,0.0,no_parent_found
COCO_RECORTE_83,train,COCO_RECORTE,COCO_Muy_A_64,train,COCO_Muy_A,96,1.0,1.875,sift_containment
COCO_RECORTE_85,train,COCO_RECORTE,COCO_Muy_A_65,val,COCO_Muy_A,42,1.0,2.34375,sift_containment
COCO_RECORTE_89,train,COCO_RECORTE,COCO_Muy_A_66,train,COCO_Muy_A,82,1.0,2.142857142857143,sift_containment
COCO_RECORTE_90,train,COCO_RECORTE,COCO_Muy_A_67,train,COCO_Muy_A,144,1.0,2.5,sift_containment
COCO_RECORTE_92,train,COCO_RECORTE,COCO_Muy_A_67,train,COCO_Muy_A,329,1.0,2.5,sift_containment
COCO_RECORTE_93,train,COCO_RECORTE,COCO_Muy_A_68,train,COCO_Muy_A,58,1.0,2.34375,sift_containment
COCO_RECORTE_94,train,COCO_RECORTE,COCO_Muy_A_68,train,COCO_Muy_A,50,1.0,3.75,sift_containment
COCO_RECORTE_95,train,COCO_RECORTE,,,,0,0.0,0.0,no_parent_found
COCO_RECORTE_96,train,COCO_RECORTE,,,,0,0.0,0.0,no_parent_found
COCO_RECORTE_98,train,COCO_RECORTE,,,,0,0.0,0.0,no_parent_found
MINADO_RECORTES_1,train,MINADO_RECORTES,MINEIRO_96,val,MINEIRO,87,1.0,2.2280647676379393,sift_containment
MINADO_RECORTES_100,train,MINADO_RECORTES,MINEIRO_2,train,MINEIRO,41,1.0,1.8597752468878883,sift_containment
MINADO_RECORTES_101,train,MINADO_RECORTES,MINEIRO_35,train,MINEIRO,132,1.0,2.0388252862120457,sift_containment
MINADO_RECORTES_102,train,MINADO_RECORTES,MINEIRO_35,train,MINEIRO,135,1.0,2.0388252862120457,sift_containment
MINADO_RECORTES_104,train,MINADO_RECORTES,,,,0,0.0,0.0,no_parent_found
MINADO_RECORTES_105,train,MINADO_RECORTES,,,,0,0.0,0.0,no_parent_found
MINADO_RECORTES_106,train,MINADO_RECORTES,,,,0,0.0,0.0,no_parent_found
MINADO_RECORTES_107,train,MINADO_RECORTES,,,,0,0.0,0.0,no_parent_found
MINADO_RECORTES_108,train,MINADO_RECORTES,,,,0,0.0,0.0,no_parent_found
MINADO_RECORTES_110,train,MINADO_RECORTES,MINADOR_27,train,MINADOR,302,1.0,1.4226283738412973,sift_containment
MINADO_RECORTES_112,train,MINADO_RECORTES,MINADOR_58,train,MINADOR,248,1.0,2.681430495286548,sift_containment
MINADO_RECORTES_113,train,MINADO_RECORTES,MINEIRO_146,train,MINEIRO,106,1.0,1.1034358899527439,sift_containment
MINADO_RECORTES_114,train,MINADO_RECORTES,MINEIRO_146,train,MINEIRO,119,1.0,1.1034358899527439,sift_containment
MINADO_RECORTES_115,train,MINADO_RECORTES,MINEIRO_169,test,MINEIRO,128,1.0,1.3315453695802348,sift_containment
MINADO_RECORTES_116,train,MINADO_RECORTES,MINEIRO_169,test,MINEIRO,131,1.0,1.3315453695802348,sift_containment
MINADO_RECORTES_117,train,MINADO_RECORTES,MINEIRO_35,train,MINEIRO,136,1.0,2.0388252862120457,sift_containment
MINADO_RECORTES_118,train,MINADO_RECORTES,MINEIRO_35,train,MINEIRO,130,1.0,2.0388252862120457,sift_containment
MINADO_RECORTES_119,train,MINADO_RECORTES,MINEIRO_131,train,MINEIRO,63,1.0,1.2605985996768485,sift_containment
MINADO_RECORTES_120,train,MINADO_RECORTES,MINEIRO_131,train,MINEIRO,62,1.0,1.2605985996768485,sift_containment
MINADO_RECORTES_121,train,MINADO_RECORTES,MINEIRO_21,val,MINEIRO,54,1.0,1.2846770273025232,sift_containment
MINADO_RECORTES_122,train,MINADO_RECORTES,MINEIRO_21,val,MINEIRO,55,1.0,1.2846770273025232,sift_containment
MINADO_RECORTES_123,train,MINADO_RECORTES,MINADOR_16,test,MINADOR,87,1.0,1.5730854904370535,sift_containment
MINADO_RECORTES_124,train,MINADO_RECORTES,MINADOR_16,test,MINADOR,88,1.0,1.5730854904370535,sift_containment
MINADO_RECORTES_125,train,MINADO_RECORTES,,,,0,0.0,0.0,no_parent_found
MINADO_RECORTES_127,train,MINADO_RECORTES,,,,0,0.0,0.0,no_parent_found
MINADO_RECORTES_13,train,MINADO_RECORTES,,,,0,0.0,0.0,no_parent_found
MINADO_RECORTES_130,train,MINADO_RECORTES,,,,0,0.0,0.0,no_parent_found
MINADO_RECORTES_15,train,MINADO_RECORTES,,,,0,0.0,0.0,no_parent_found
MINADO_RECORTES_17,train,MINADO_RECORTES,,,,0,0.0,0.0,no_parent_found
MINADO_RECORTES_18,train,MINADO_RECORTES,,,,0,0.0,0.0,no_parent_found
MINADO_RECORTES_19,train,MINADO_RECORTES,,,,0,0.0,0.0,no_parent_found
MINADO_RECORTES_20,train,MINADO_RECORTES,,,,0,0.0,0.0,no_parent_found
MINADO_RECORTES_21,train,MINADO_RECORTES,,,,0,0.0,0.0,no_parent_found
MINADO_RECORTES_23,train,MINADO_RECORTES,,,,0,0.0,0.0,no_parent_found
MINADO_RECORTES_24,train,MINADO_RECORTES,,,,0,0.0,0.0,no_parent_found
MINADO_RECORTES_26,train,MINADO_RECORTES,,,,0,0.0,0.0,no_parent_found
MINADO_RECORTES_27,train,MINADO_RECORTES,,,,0,0.0,0.0,no_parent_found
MINADO_RECORTES_28,train,MINADO_RECORTES,,,,0,0.0,0.0,no_parent_found
MINADO_RECORTES_30,train,MINADO_RECORTES,MINADOR_4,train,MINADOR,85,1.0,3.922119374401532,sift_containment
MINADO_RECORTES_31,train,MINADO_RECORTES,,,,0,0.0,0.0,no_parent_found
MINADO_RECORTES_33,train,MINADO_RECORTES,,,,0,0.0,0.0,no_parent_found
MINADO_RECORTES_34,train,MINADO_RECORTES,MINEIRO_72,val,MINEIRO,110,1.0,1.2094369149909943,sift_containment
MINADO_RECORTES_36,train,MINADO_RECORTES,MINEIRO_87,train,MINEIRO,60,1.0,1.1926478616924476,sift_containment
MINADO_RECORTES_37,train,MINADO_RECORTES,,,,0,0.0,0.0,no_parent_found
MINADO_RECORTES_38,train,MINADO_RECORTES,MINADOR_11,test,MINADOR,56,1.0,2.9072325928028957,sift_containment
MINADO_RECORTES_39,train,MINADO_RECORTES,,,,0,0.0,0.0,no_parent_found
MINADO_RECORTES_41,train,MINADO_RECORTES,,,,0,0.0,0.0,no_parent_found
MINADO_RECORTES_42,train,MINADO_RECORTES,MINADOR_26,train,MINADOR,62,1.0,3.5587820747977528,sift_containment
MINADO_RECORTES_44,train,MINADO_RECORTES,MINEIRO_112,test,MINEIRO,155,1.0,2.135622824816535,sift_containment
MINADO_RECORTES_45,train,MINADO_RECORTES,MINADOR_64,val,MINADOR,48,1.0,1.695484542422594,sift_containment
MINADO_RECORTES_47,train,MINADO_RECORTES,MINEIRO_186,train,MINEIRO,91,1.0,1.1334239903861358,sift_containment
MINADO_RECORTES_5,train,MINADO_RECORTES,MINEIRO_76,test,MINEIRO,75,1.0,1.7662722212439943,sift_containment
MINADO_RECORTES_50,train,MINADO_RECORTES,MINEIRO_37,train,MINEIRO,153,1.0,2.59909471635856,sift_containment
MINADO_RECORTES_52,train,MINADO_RECORTES,,,,0,0.0,0.0,no_parent_found
MINADO_RECORTES_54,train,MINADO_RECORTES,,,,0,0.0,0.0,no_parent_found
MINADO_RECORTES_55,train,MINADO_RECORTES,,,,0,0.0,0.0,no_parent_found
MINADO_RECORTES_56,train,MINADO_RECORTES,,,,0,0.0,0.0,no_parent_found
MINADO_RECORTES_58,train,MINADO_RECORTES,MINEIRO_97,train,MINEIRO,145,1.0,1.7476390943224485,sift_containment
MINADO_RECORTES_59,train,MINADO_RECORTES,MINEIRO_81,train,MINEIRO,84,1.0,2.321227863046045,sift_containment
MINADO_RECORTES_6,train,MINADO_RECORTES,,,,0,0.0,0.0,no_parent_found
MINADO_RECORTES_60,train,MINADO_RECORTES,MINEIRO_66,test,MINEIRO,68,1.0,1.8642614942310756,sift_containment
MINADO_RECORTES_62,train,MINADO_RECORTES,MINEIRO_139,train,MINEIRO,82,1.0,2.462722462722463,sift_containment
MINADO_RECORTES_64,train,MINADO_RECORTES,,,,0,0.0,0.0,no_parent_found
MINADO_RECORTES_65,train,MINADO_RECORTES,,,,0,0.0,0.0,no_parent_found
MINADO_RECORTES_66,train,MINADO_RECORTES,MINEIRO_121,train,MINEIRO,158,1.0,1.5398496240601505,sift_containment
MINADO_RECORTES_67,train,MINADO_RECORTES,,,,0,0.0,0.0,no_parent_found
MINADO_RECORTES_68,train,MINADO_RECORTES,,,,0,0.0,0.0,no_parent_found
MINADO_RECORTES_7,train,MINADO_RECORTES,MINEIRO_23,train,MINEIRO,67,1.0,1.6639415020565684,sift_containment
MINADO_RECORTES_70,train,MINADO_RECORTES,,,,0,0.0,0.0,no_parent_found
MINADO_RECORTES_71,train,MINADO_RECORTES,MINEIRO_62,test,MINEIRO,176,0.9839637,1.5094664107485605,sift_containment
MINADO_RECORTES_73,train,MINADO_RECORTES,MINEIRO_103,train,MINEIRO,47,1.0,2.4028040535585964,sift_containment
MINADO_RECORTES_74,train,MINADO_RECORTES,,,,0,0.0,0.0,no_parent_found
MINADO_RECORTES_75,train,MINADO_RECORTES,SANAS_NUEVAS_455,train,SANAS_NUEVAS,31,1.0,3.321337555023554,sift_containment
MINADO_RECORTES_76,train,MINADO_RECORTES,,,,0,0.0,0.0,no_parent_found
MINADO_RECORTES_77,train,MINADO_RECORTES,,,,0,0.0,0.0,no_parent_found
MINADO_RECORTES_78,train,MINADO_RECORTES,,,,0,0.0,0.0,no_parent_found
MINADO_RECORTES_79,train,MINADO_RECORTES,,,,0,0.0,0.0,no_parent_found
MINADO_RECORTES_80,train,MINADO_RECORTES,,,,0,0.0,0.0,no_parent_found
MINADO_RECORTES_82,train,MINADO_RECORTES,,,,0,0.0,0.0,no_parent_found
MINADO_RECORTES_83,train,MINADO_RECORTES,MINEIRO_6,train,MINEIRO,63,1.0,1.704961704961705,sift_containment
MINADO_RECORTES_84,train,MINADO_RECORTES,MINEIRO_36,train,MINEIRO,126,1.0,1.2926572690932043,sift_containment
MINADO_RECORTES_87,train,MINADO_RECORTES,,,,0,0.0,0.0,no_parent_found
MINADO_RECORTES_89,train,MINADO_RECORTES,,,,0,0.0,0.0,no_parent_found
MINADO_RECORTES_9,train,MINADO_RECORTES,,,,0,0.0,0.0,no_parent_found
MINADO_RECORTES_91,train,MINADO_RECORTES,,,,0,0.0,0.0,no_parent_found
MINADO_RECORTES_92,train,MINADO_RECORTES,,,,0,0.0,0.0,no_parent_found
MINADO_RECORTES_93,train,MINADO_RECORTES,,,,0,0.0,0.0,no_parent_found
MINADO_RECORTES_94,train,MINADO_RECORTES,,,,0,0.0,0.0,no_parent_found
MINADO_RECORTES_97,train,MINADO_RECORTES,MINEIRO_27,train,MINEIRO,35,1.0,1.625128120350471,sift_containment
MINADO_RECORTES_99,train,MINADO_RECORTES,MINEIRO_131,train,MINEIRO,70,1.0,1.6612140056779776,sift_containment
ROYA_RECORTES_10,train,ROYA_RECORTES,,,,0,0.0,0.0,no_parent_found
ROYA_RECORTES_101,train,ROYA_RECORTES,,,,0,0.0,0.0,no_parent_found
ROYA_RECORTES_103,train,ROYA_RECORTES,,,,0,0.0,0.0,no_parent_found
ROYA_RECORTES_104,train,ROYA_RECORTES,,,,0,0.0,0.0,no_parent_found
ROYA_RECORTES_106,train,ROYA_RECORTES,,,,0,0.0,0.0,no_parent_found
ROYA_RECORTES_107,train,ROYA_RECORTES,ROYA_MA_20,test,ROYA_MA,78,1.0,0.7,sift_containment
ROYA_RECORTES_108,train,ROYA_RECORTES,ROYA_MA_54,train,ROYA_MA,43,1.0,0.8181818181818182,sift_containment
ROYA_RECORTES_109,train,ROYA_RECORTES,,,,0,0.0,0.0,no_parent_found
ROYA_RECORTES_110,train,ROYA_RECORTES,,,,0,0.0,0.0,no_parent_found
ROYA_RECORTES_12,train,ROYA_RECORTES,,,,0,0.0,0.0,no_parent_found
ROYA_RECORTES_13,train,ROYA_RECORTES,ROYA_FONDO_14,test,ROYA_FONDO,39,1.0,1.4285714285714286,sift_containment
ROYA_RECORTES_14,train,ROYA_RECORTES,,,,0,0.0,0.0,no_parent_found
ROYA_RECORTES_15,train,ROYA_RECORTES,,,,0,0.0,0.0,no_parent_found
ROYA_RECORTES_16,train,ROYA_RECORTES,,,,0,0.0,0.0,no_parent_found
ROYA_RECORTES_17,train,ROYA_RECORTES,ROYA_FONDO_7,train,ROYA_FONDO,197,1.0,0.6923076923076923,sift_containment
ROYA_RECORTES_18,train,ROYA_RECORTES,,,,0,0.0,0.0,no_parent_found
ROYA_RECORTES_19,train,ROYA_RECORTES,,,,0,0.0,0.0,no_parent_found
ROYA_RECORTES_2,train,ROYA_RECORTES,ROYA_FONDO_7,train,ROYA_FONDO,43,1.0,0.9,sift_containment
ROYA_RECORTES_20,train,ROYA_RECORTES,,,,0,0.0,0.0,no_parent_found
ROYA_RECORTES_21,train,ROYA_RECORTES,,,,0,0.0,0.0,no_parent_found
ROYA_RECORTES_23,train,ROYA_RECORTES,ROYA_FONDO_9,train,ROYA_FONDO,59,1.0,0.6428571428571429,sift_containment
ROYA_RECORTES_24,train,ROYA_RECORTES,,,,0,0.0,0.0,no_parent_found
ROYA_RECORTES_25,train,ROYA_RECORTES,,,,0,0.0,0.0,no_parent_found
ROYA_RECORTES_26,train,ROYA_RECORTES,,,,0,0.0,0.0,no_parent_found
ROYA_RECORTES_27,train,ROYA_RECORTES,,,,0,0.0,0.0,no_parent_found
ROYA_RECORTES_29,train,ROYA_RECORTES,,,,0,0.0,0.0,no_parent_found
ROYA_RECORTES_3,train,ROYA_RECORTES,,,,0,0.0,0.0,no_parent_found
ROYA_RECORTES_31,train,ROYA_RECORTES,,,,0,0.0,0.0,no_parent_found
ROYA_RECORTES_33,train,ROYA_RECORTES,,,,0,0.0,0.0,no_parent_found
ROYA_RECORTES_35,train,ROYA_RECORTES,,,,0,0.0,0.0,no_parent_found
ROYA_RECORTES_39,train,ROYA_RECORTES,,,,0,0.0,0.0,no_parent_found
ROYA_RECORTES_41,train,ROYA_RECORTES,,,,0,0.0,0.0,no_parent_found
ROYA_RECORTES_42,train,ROYA_RECORTES,MINEIRO_53,train,MINEIRO,47,1.0,0.6153846153846154,sift_containment
ROYA_RECORTES_44,train,ROYA_RECORTES,,,,0,0.0,0.0,no_parent_found
ROYA_RECORTES_45,train,ROYA_RECORTES,,,,0,0.0,0.0,no_parent_found
ROYA_RECORTES_46,train,ROYA_RECORTES,,,,0,0.0,0.0,no_parent_found
ROYA_RECORTES_49,train,ROYA_RECORTES,,,,0,0.0,0.0,no_parent_found
ROYA_RECORTES_50,train,ROYA_RECORTES,,,,0,0.0,0.0,no_parent_found
ROYA_RECORTES_51,train,ROYA_RECORTES,,,,0,0.0,0.0,no_parent_found
ROYA_RECORTES_53,train,ROYA_RECORTES,,,,0,0.0,0.0,no_parent_found
ROYA_RECORTES_54,train,ROYA_RECORTES,,,,0,0.0,0.0,no_parent_found
ROYA_RECORTES_57,train,ROYA_RECORTES,ROYA_MA_2,train,ROYA_MA,40,1.0,0.6153846153846154,sift_containment
ROYA_RECORTES_58,train,ROYA_RECORTES,,,,0,0.0,0.0,no_parent_found
ROYA_RECORTES_59,train,ROYA_RECORTES,,,,0,0.0,0.0,no_parent_found
ROYA_RECORTES_6,train,ROYA_RECORTES,,,,0,0.0,0.0,no_parent_found
ROYA_RECORTES_60,train,ROYA_RECORTES,,,,0,0.0,0.0,no_parent_found
ROYA_RECORTES_62,train,ROYA_RECORTES,,,,0,0.0,0.0,no_parent_found
ROYA_RECORTES_64,train,ROYA_RECORTES,,,,0,0.0,0.0,no_parent_found
ROYA_RECORTES_65,train,ROYA_RECORTES,,,,0,0.0,0.0,no_parent_found
ROYA_RECORTES_67,train,ROYA_RECORTES,,,,0,0.0,0.0,no_parent_found
ROYA_RECORTES_69,train,ROYA_RECORTES,ROYA_Muy_A_19,val,ROYA_Muy_A,55,1.0,0.6363636363636364,sift_containment
ROYA_RECORTES_7,train,ROYA_RECORTES,,,,0,0.0,0.0,no_parent_found
ROYA_RECORTES_71,train,ROYA_RECORTES,ROYA_FONDO_33,train,ROYA_FONDO,60,1.0,0.7692307692307693,sift_containment
ROYA_RECORTES_72,train,ROYA_RECORTES,,,,0,0.0,0.0,no_parent_found
ROYA_RECORTES_73,train,ROYA_RECORTES,,,,0,0.0,0.0,no_parent_found
ROYA_RECORTES_74,train,ROYA_RECORTES,,,,0,0.0,0.0,no_parent_found
ROYA_RECORTES_76,train,ROYA_RECORTES,ROYA_Muy_A_3,train,ROYA_Muy_A,38,1.0,0.6363636363636364,sift_containment
ROYA_RECORTES_77,train,ROYA_RECORTES,,,,0,0.0,0.0,no_parent_found
ROYA_RECORTES_8,train,ROYA_RECORTES,,,,0,0.0,0.0,no_parent_found
ROYA_RECORTES_80,train,ROYA_RECORTES,,,,0,0.0,0.0,no_parent_found
ROYA_RECORTES_81,train,ROYA_RECORTES,,,,0,0.0,0.0,no_parent_found
ROYA_RECORTES_82,train,ROYA_RECORTES,,,,0,0.0,0.0,no_parent_found
ROYA_RECORTES_83,train,ROYA_RECORTES,,,,0,0.0,0.0,no_parent_found
ROYA_RECORTES_85,train,ROYA_RECORTES,,,,0,0.0,0.0,no_parent_found
ROYA_RECORTES_86,train,ROYA_RECORTES,,,,0,0.0,0.0,no_parent_found
ROYA_RECORTES_87,train,ROYA_RECORTES,,,,0,0.0,0.0,no_parent_found
ROYA_RECORTES_88,train,ROYA_RECORTES,,,,0,0.0,0.0,no_parent_found
ROYA_RECORTES_89,train,ROYA_RECORTES,ROYA_FONDO_60,train,ROYA_FONDO,40,1.0,0.7,sift_containment
ROYA_RECORTES_9,train,ROYA_RECORTES,,,,0,0.0,0.0,no_parent_found
ROYA_RECORTES_90,train,ROYA_RECORTES,ROYA_FONDO_68,train,ROYA_FONDO,48,1.0,0.6923076923076923,sift_containment
ROYA_RECORTES_91,train,ROYA_RECORTES,,,,0,0.0,0.0,no_parent_found
ROYA_RECORTES_92,train,ROYA_RECORTES,,,,0,0.0,0.0,no_parent_found
ROYA_RECORTES_93,train,ROYA_RECORTES,,,,0,0.0,0.0,no_parent_found
ROYA_RECORTES_95,train,ROYA_RECORTES,,,,0,0.0,0.0,no_parent_found
ROYA_RECORTES_96,train,ROYA_RECORTES,,,,0,0.0,0.0,no_parent_found
ROYA_RECORTES_98,train,ROYA_RECORTES,,,,0,0.0,0.0,no_parent_found
ROYA_RECORTES_99,train,ROYA_RECORTES,,,,0,0.0,0.0,no_parent_found
COCO_RECORTE_10,val,COCO_RECORTE,ROYA_FONDO_16,test,ROYA_FONDO,31,1.0,2.5,sift_containment
COCO_RECORTE_101,val,COCO_RECORTE,COCO_Muy_A_72,train,COCO_Muy_A,298,1.0,3.125,sift_containment
COCO_RECORTE_102,val,COCO_RECORTE,COCO_Muy_A_72,train,COCO_Muy_A,537,1.0,2.6785714285714284,sift_containment
COCO_RECORTE_105,val,COCO_RECORTE,COCO_Muy_A_75,train,COCO_Muy_A,121,1.0,2.1875,sift_containment
COCO_RECORTE_11,val,COCO_RECORTE,,,,0,0.0,0.0,no_parent_found
COCO_RECORTE_12,val,COCO_RECORTE,ROYA_FONDO_26,test,ROYA_FONDO,36,1.0,1.875,sift_containment
COCO_RECORTE_127,val,COCO_RECORTE,COCO_P_A_29,val,COCO_P_A,483,1.0,2.142857142857143,sift_containment
COCO_RECORTE_133,val,COCO_RECORTE,COCO_P_A_69,train,COCO_P_A,31,1.0,3.375,sift_containment
COCO_RECORTE_134,val,COCO_RECORTE,MINADOR_56,val,MINADOR,34,1.0,2.142857142857143,sift_containment
COCO_RECORTE_138,val,COCO_RECORTE,,,,0,0.0,0.0,no_parent_found
COCO_RECORTE_149,val,COCO_RECORTE,COCO_M_A_28,train,COCO_M_A,171,1.0,2.142857142857143,sift_containment
COCO_RECORTE_153,val,COCO_RECORTE,,,,0,0.0,0.0,no_parent_found
COCO_RECORTE_155,val,COCO_RECORTE,COCO_Muy_A_36,train,COCO_Muy_A,301,1.0,4.0625,sift_containment
COCO_RECORTE_20,val,COCO_RECORTE,COCO_M_A_35,test,COCO_M_A,130,1.0,2.8125,sift_containment
COCO_RECORTE_32,val,COCO_RECORTE,,,,0,0.0,0.0,no_parent_found
COCO_RECORTE_38,val,COCO_RECORTE,COCO_M_A_59,train,COCO_M_A,54,1.0,4.125,sift_containment
COCO_RECORTE_39,val,COCO_RECORTE,COCO_M_A_59,train,COCO_M_A,72,1.0,2.9464285714285716,sift_containment
COCO_RECORTE_42,val,COCO_RECORTE,,,,0,0.0,0.0,no_parent_found
COCO_RECORTE_63,val,COCO_RECORTE,COCO_Muy_A_54,test,COCO_Muy_A,43,1.0,1.875,sift_containment
COCO_RECORTE_66,val,COCO_RECORTE,COCO_Muy_A_55,test,COCO_Muy_A,41,1.0,2.5,sift_containment
COCO_RECORTE_79,val,COCO_RECORTE,COCO_Muy_A_60,train,COCO_Muy_A,85,1.0,4.21875,sift_containment
COCO_RECORTE_82,val,COCO_RECORTE,COCO_Muy_A_64,train,COCO_Muy_A,92,1.0,1.875,sift_containment
COCO_RECORTE_84,val,COCO_RECORTE,,,,0,0.0,0.0,no_parent_found
COCO_RECORTE_87,val,COCO_RECORTE,COCO_Muy_A_65,val,COCO_Muy_A,54,1.0,2.34375,sift_containment
COCO_RECORTE_88,val,COCO_RECORTE,COCO_Muy_A_66,train,COCO_Muy_A,204,1.0,2.5,sift_containment
COCO_RECORTE_91,val,COCO_RECORTE,COCO_Muy_A_67,train,COCO_Muy_A,144,1.0,3.0,sift_containment
COCO_RECORTE_97,val,COCO_RECORTE,,,,0,0.0,0.0,no_parent_found
COCO_RECORTE_99,val,COCO_RECORTE,COCO_Muy_A_70,test,COCO_Muy_A,151,1.0,2.4107142857142856,sift_containment
MINADO_RECORTES_10,val,MINADO_RECORTES,,,,0,0.0,0.0,no_parent_found
MINADO_RECORTES_103,val,MINADO_RECORTES,MINEIRO_131,train,MINEIRO,61,1.0,1.2605985996768485,sift_containment
MINADO_RECORTES_109,val,MINADO_RECORTES,MINADOR_27,train,MINADOR,325,1.0,1.4226283738412973,sift_containment
MINADO_RECORTES_11,val,MINADO_RECORTES,,,,0,0.0,0.0,no_parent_found
MINADO_RECORTES_129,val,MINADO_RECORTES,,,,0,0.0,0.0,no_parent_found
MINADO_RECORTES_132,val,MINADO_RECORTES,,,,0,0.0,0.0,no_parent_found
MINADO_RECORTES_16,val,MINADO_RECORTES,,,,0,0.0,0.0,no_parent_found
MINADO_RECORTES_2,val,MINADO_RECORTES,MINEIRO_96,val,MINEIRO,76,1.0,2.8747894441325097,sift_containment
MINADO_RECORTES_29,val,MINADO_RECORTES,,,,0,0.0,0.0,no_parent_found
MINADO_RECORTES_32,val,MINADO_RECORTES,,,,0,0.0,0.0,no_parent_found
MINADO_RECORTES_35,val,MINADO_RECORTES,ROYA_FONDO_7,train,ROYA_FONDO,33,1.0,2.570508142080821,sift_containment
MINADO_RECORTES_4,val,MINADO_RECORTES,MINEIRO_76,test,MINEIRO,98,1.0,1.7099143164273811,sift_containment
MINADO_RECORTES_43,val,MINADO_RECORTES,,,,0,0.0,0.0,no_parent_found
MINADO_RECORTES_46,val,MINADO_RECORTES,MINEIRO_187,val,MINEIRO,78,1.0,1.5358080239970004,sift_containment
MINADO_RECORTES_49,val,MINADO_RECORTES,MINEIRO_37,train,MINEIRO,113,1.0,3.651491738975395,sift_containment
MINADO_RECORTES_51,val,MINADO_RECORTES,MINEIRO_40,train,MINEIRO,83,1.0,1.822164413393383,sift_containment
MINADO_RECORTES_57,val,MINADO_RECORTES,MINADOR_43,train,MINADOR,73,1.0,2.0061572907920513,sift_containment
MINADO_RECORTES_63,val,MINADO_RECORTES,MINADOR_39,train,MINADOR,109,1.0,1.8010201090461395,sift_containment
MINADO_RECORTES_72,val,MINADO_RECORTES,MINEIRO_103,train,MINEIRO,59,1.0,1.4163698606452506,sift_containment
MINADO_RECORTES_8,val,MINADO_RECORTES,MINEIRO_148,test,MINEIRO,100,1.0,1.6848340257496606,sift_containment
MINADO_RECORTES_81,val,MINADO_RECORTES,MINEIRO_91,train,MINEIRO,33,1.0,1.9622496886078375,sift_containment
MINADO_RECORTES_85,val,MINADO_RECORTES,,,,0,0.0,0.0,no_parent_found
MINADO_RECORTES_86,val,MINADO_RECORTES,,,,0,0.0,0.0,no_parent_found
MINADO_RECORTES_88,val,MINADO_RECORTES,,,,0,0.0,0.0,no_parent_found
MINADO_RECORTES_98,val,MINADO_RECORTES,MINEIRO_21,val,MINEIRO,51,1.0,1.2020542920029347,sift_containment
ROYA_RECORTES_1,val,ROYA_RECORTES,MINADOR_53,train,MINADOR,33,1.0,0.8,sift_containment
ROYA_RECORTES_105,val,ROYA_RECORTES,ROYA_MA_18,train,ROYA_MA,53,1.0,0.8888888888888888,sift_containment
ROYA_RECORTES_22,val,ROYA_RECORTES,MINADOR_81,train,MINADOR,32,1.0,0.5714285714285714,sift_containment
ROYA_RECORTES_28,val,ROYA_RECORTES,,,,0,0.0,0.0,no_parent_found
ROYA_RECORTES_30,val,ROYA_RECORTES,,,,0,0.0,0.0,no_parent_found
ROYA_RECORTES_32,val,ROYA_RECORTES,,,,0,0.0,0.0,no_parent_found
ROYA_RECORTES_36,val,ROYA_RECORTES,,,,0,0.0,0.0,no_parent_found
ROYA_RECORTES_38,val,ROYA_RECORTES,,,,0,0.0,0.0,no_parent_found
ROYA_RECORTES_4,val,ROYA_RECORTES,,,,0,0.0,0.0,no_parent_found
ROYA_RECORTES_40,val,ROYA_RECORTES,,,,0,0.0,0.0,no_parent_found
ROYA_RECORTES_43,val,ROYA_RECORTES,,,,0,0.0,0.0,no_parent_found
ROYA_RECORTES_47,val,ROYA_RECORTES,,,,0,0.0,0.0,no_parent_found
ROYA_RECORTES_56,val,ROYA_RECORTES,,,,0,0.0,0.0,no_parent_found
ROYA_RECORTES_61,val,ROYA_RECORTES,,,,0,0.0,0.0,no_parent_found
ROYA_RECORTES_63,val,ROYA_RECORTES,,,,0,0.0,0.0,no_parent_found
ROYA_RECORTES_70,val,ROYA_RECORTES,ROYA_FONDO_4,val,ROYA_FONDO,37,1.0,0.6666666666666666,sift_containment
ROYA_RECORTES_84,val,ROYA_RECORTES,,,,0,0.0,0.0,no_parent_found
ROYA_RECORTES_94,val,ROYA_RECORTES,,,,0,0.0,0.0,no_parent_found
COCO_RECORTE_112,test,COCO_RECORTE,ROYA_FONDO_83,train,ROYA_FONDO,56,1.0,2.142857142857143,sift_containment
COCO_RECORTE_118,test,COCO_RECORTE,COCO_Muy_A_94,val,COCO_Muy_A,128,1.0,3.28125,sift_containment
COCO_RECORTE_120,test,COCO_RECORTE,COCO_Muy_A_99,train,COCO_Muy_A,331,1.0,3.0,sift_containment
COCO_RECORTE_121,test,COCO_RECORTE,COCO_Muy_A_99,train,COCO_Muy_A,73,1.0,2.142857142857143,sift_containment
COCO_RECORTE_122,test,COCO_RECORTE,COCO_Muy_A_101,train,COCO_Muy_A,239,1.0,3.0,sift_containment
COCO_RECORTE_124,test,COCO_RECORTE,COCO_Muy_A_109,train,COCO_Muy_A,280,1.0,2.142857142857143,sift_containment
COCO_RECORTE_13,test,COCO_RECORTE,,,,0,0.0,0.0,no_parent_found
COCO_RECORTE_131,test,COCO_RECORTE,,,,0,0.0,0.0,no_parent_found
COCO_RECORTE_137,test,COCO_RECORTE,,,,0,0.0,0.0,no_parent_found
COCO_RECORTE_140,test,COCO_RECORTE,,,,0,0.0,0.0,no_parent_found
COCO_RECORTE_144,test,COCO_RECORTE,,,,0,0.0,0.0,no_parent_found
COCO_RECORTE_145,test,COCO_RECORTE,,,,0,0.0,0.0,no_parent_found
COCO_RECORTE_154,test,COCO_RECORTE,,,,0,0.0,0.0,no_parent_found
COCO_RECORTE_19,test,COCO_RECORTE,COCO_M_A_35,test,COCO_M_A,310,1.0,4.5,sift_containment
COCO_RECORTE_21,test,COCO_RECORTE,COCO_M_A_35,test,COCO_M_A,81,1.0,3.75,sift_containment
COCO_RECORTE_27,test,COCO_RECORTE,,,,0,0.0,0.0,no_parent_found
COCO_RECORTE_37,test,COCO_RECORTE,,,,0,0.0,0.0,no_parent_found
COCO_RECORTE_45,test,COCO_RECORTE,,,,0,0.0,0.0,no_parent_found
COCO_RECORTE_56,test,COCO_RECORTE,,,,0,0.0,0.0,no_parent_found
COCO_RECORTE_58,test,COCO_RECORTE,COCO_Muy_A_49,train,COCO_Muy_A,127,1.0,2.1875,sift_containment
COCO_RECORTE_8,test,COCO_RECORTE,,,,0,0.0,0.0,no_parent_found
COCO_RECORTE_86,test,COCO_RECORTE,COCO_Muy_A_65,val,COCO_Muy_A,41,1.0,3.125,sift_containment
COCO_RECORTE_9,test,COCO_RECORTE,,,,0,0.0,0.0,no_parent_found
MINADO_RECORTES_111,test,MINADO_RECORTES,MINADOR_58,train,MINADOR,240,1.0,2.681430495286548,sift_containment
MINADO_RECORTES_12,test,MINADO_RECORTES,,,,0,0.0,0.0,no_parent_found
MINADO_RECORTES_126,test,MINADO_RECORTES,,,,0,0.0,0.0,no_parent_found
MINADO_RECORTES_128,test,MINADO_RECORTES,,,,0,0.0,0.0,no_parent_found
MINADO_RECORTES_131,test,MINADO_RECORTES,,,,0,0.0,0.0,no_parent_found
MINADO_RECORTES_14,test,MINADO_RECORTES,MINADOR_51,train,MINADOR,98,1.0,3.569671734288758,sift_containment
MINADO_RECORTES_22,test,MINADO_RECORTES,,,,0,0.0,0.0,no_parent_found
MINADO_RECORTES_25,test,MINADO_RECORTES,,,,0,0.0,0.0,no_parent_found
MINADO_RECORTES_3,test,MINADO_RECORTES,MINEIRO_12,train,MINEIRO,107,1.0,1.7394997239563426,sift_containment
MINADO_RECORTES_40,test,MINADO_RECORTES,,,,0,0.0,0.0,no_parent_found
MINADO_RECORTES_48,test,MINADO_RECORTES,MINEIRO_188,train,MINEIRO,97,1.0,1.2192320762813817,sift_containment
MINADO_RECORTES_53,test,MINADO_RECORTES,,,,0,0.0,0.0,no_parent_found
MINADO_RECORTES_61,test,MINADO_RECORTES,MINEIRO_139,train,MINEIRO,33,1.0,3.0300713871798983,sift_containment
MINADO_RECORTES_69,test,MINADO_RECORTES,,,,0,0.0,0.0,no_parent_found
MINADO_RECORTES_90,test,MINADO_RECORTES,MINEIRO_60,train,MINEIRO,36,1.0,1.9717270262030455,sift_containment
MINADO_RECORTES_95,test,MINADO_RECORTES,MINADOR_75,train,MINADOR,66,1.0,2.006277781632795,sift_containment
MINADO_RECORTES_96,test,MINADO_RECORTES,MINADOR_44,train,MINADOR,33,1.0,1.8544425580079231,sift_containment
ROYA_RECORTES_100,test,ROYA_RECORTES,,,,0,0.0,0.0,no_parent_found
ROYA_RECORTES_102,test,ROYA_RECORTES,MINEIRO_53,train,MINEIRO,38,1.0,0.7272727272727273,sift_containment
ROYA_RECORTES_11,test,ROYA_RECORTES,,,,0,0.0,0.0,no_parent_found
ROYA_RECORTES_34,test,ROYA_RECORTES,,,,0,0.0,0.0,no_parent_found
ROYA_RECORTES_37,test,ROYA_RECORTES,,,,0,0.0,0.0,no_parent_found
ROYA_RECORTES_48,test,ROYA_RECORTES,,,,0,0.0,0.0,no_parent_found
ROYA_RECORTES_5,test,ROYA_RECORTES,SANAS_NUEVAS_434,test,SANAS_NUEVAS,47,1.0,0.8333333333333334,sift_containment
ROYA_RECORTES_52,test,ROYA_RECORTES,,,,0,0.0,0.0,no_parent_found
ROYA_RECORTES_55,test,ROYA_RECORTES,,,,0,0.0,0.0,no_parent_found
ROYA_RECORTES_66,test,ROYA_RECORTES,,,,0,0.0,0.0,no_parent_found
ROYA_RECORTES_68,test,ROYA_RECORTES,,,,0,0.0,0.0,no_parent_found
ROYA_RECORTES_75,test,ROYA_RECORTES,,,,0,0.0,0.0,no_parent_found
ROYA_RECORTES_78,test,ROYA_RECORTES,ROYA_FONDO_18,train,ROYA_FONDO,49,1.0,0.5714285714285714,sift_containment
ROYA_RECORTES_79,test,ROYA_RECORTES,,,,0,0.0,0.0,no_parent_found
ROYA_RECORTES_97,test,ROYA_RECORTES,ROYA_FONDO_7,train,ROYA_FONDO,53,1.0,0.6,sift_containment
